,SpeciesID,Suborder,Family,CCR5Dist,CDR1Len,CDR1,LatinName,CCR5_18,LongestCDR1,LongestCDR1Len,NumLongestCDR1s,LongestCDR1s
32,red_panda,Caniformia,Ailuridae,12.0,9,TGAVTHAHY,Ailurus_fulgens,MNDPTSTPYYDIDYWTSE,PTIMEYDEEEYPSY,14,1,PTIMEYDEEEYPSY
0,red_fox,Caniformia,Canidae,12.0,13,PSNNDYAAMRIHS,Vulpes_vulpes,TNIQGSDEPTTIYDYDYS,PSNNDYAAMRIHS,13,1,PSNNDYAAMRIHS
1,gray_wolf,Caniformia,Canidae,15.0,14,PSNTDFDGIEFDTS,Canis_lupus,TNIQGSDEPTTIYDYDYS,PSNINLEELGIATK,14,2,"PSNINLEELGIATK,PSNTDFDGIEFDTS"
2,dingo,Caniformia,Canidae,15.0,14,PSNTDFDGIEFDTS,Canis_lupus_dingo,TNIQGSDEPTTIYDYDYS,PSNINLEELGIATK,14,2,"PSNINLEELGIATK,PSNTDFDGIEFDTS"
3,german_shepherd_dog,Caniformia,Canidae,15.0,14,PSNTDFDGIEFDTS,Canis_lupus_familiaris,TNIQGSDEPTTIYDYDYS,PSNINLEELGIATK,14,2,"PSNINLEELGIATK,PSNTDFDGIEFDTS"
4,african_hunting_dog,Caniformia,Canidae,12.0,14,PSNTDFDGIEFDTS,Lycaon_pictus,TNIQGNNEPTTIYDYDYS,PSNTDFDGIEFDTS,14,1,PSNTDFDGIEFDTS
5,maned_wolf,Caniformia,Canidae,10.0,9,SGSVSTSNY,Chrysocyon_brachyurus,MNYQTSTPYYDIDYGTSE,PSNNDYDAMKFHI,13,1,PSNNDYDAMKFHI
6,bat-eared_fox,Caniformia,Canidae,21.0,14,PSNTDYDGIEFDTS,Otocyon_megalotis,MNYQTSTPYYDIDYGTSE,PSNIDYGGLEIYSS,14,2,"PSNIDYGGLEIYSS,PSNTDYDGIEFDTS"
7,santa_catalina_island_fox,Caniformia,Canidae,14.0,9,SGFSVGVYD,Urocyon_littoralis_catalinae,TNIQGSDEPTTIYDYDYS,LSNINLEELGIATK,14,1,LSNINLEELGIATK
8,greenland_wolf,Caniformia,Canidae,15.0,14,PSNTDFDGIEFDTS,Canis_lupus_orion,TNIQGSDEPTTIYDYDYS,PSNTDFDGIEFDTS,14,2,"PSNTDFDGIEFDTS,PSNINLEELGITTK"
36,fossa,Feliformia,Eupleridae,1.0,9,SDSNVGGYH,Cryptoprocta_ferox,MDYYETSSPYYDIEYELS,SNDIGKYNY,9,4,"SNDIGKYNY,SGFNVGSSS,TGAVTDAHY,SDSNVGGYH"
37,clouded_leopard,Feliformia,Felidae,4.0,4,VGSY,Neofelis_nebulosa,MDYQATSPYYDIEYELSE,SNDIGRYNY,9,15,"SNDIGRYNY,RNINVGSYS,SGFSVGGYY,SGFRVGDFW,RNINVGSYY,SGFNIGSYY,RDINVGSYY,SSNIGGGNY,SGYNVGGYH,RDISVGGYY,SSNIGSGEY,RDINVGSYN,SGYNVGSYY,RDINVGGYN,SGYNVGGYY"
38,canada_lynx,Feliformia,Felidae,6.0,9,SGYNVGSYH,Lynx_canadensis,TGHQGGNEEPTTNYDYDY,SNDIGRYNY,9,12,"SNDIGRYNY,SGFSVGSYY,SGFRVGDFW,RDVSVGSKS,SSNIGRGNY,SGFNVGGYY,SSNIGGGNY,RDINVGGYS,SGYSVGGYH,RDINVGGYY,SGYNVGSYH,SSNIGGGND"
39,bobcat,Feliformia,Felidae,6.0,9,SGFSVGSYY,Lynx_rufus,MDYQATSPYYDIEYELSE,SNDIGRYNY,9,18,"SNDIGRYNY,SGFNVGSYY,SGFSVGSYY,SGFRVGDFW,RDVSVGSKS,SGFNIGSYY,SSNIGRGNY,SGFNVGGYY,SSNIGGGNY,SGYSVGGYH,SGYNVGGYH,RDINVGGYS,SSNIGGGSY,RDINVGGYY,RDVSVGSKN,RDINVGGYN,SSNIGGGND,QWLQCWQLL"
44,amur_tiger,Feliformia,Felidae,5.0,8,SSNIGSNY,Panthera_tigris_altaica,MDYQATSPYYDIEYELSE,SNDIGRYNY,9,11,"SNDIGRYNY,SGFSVGGYY,SGFRVGDFW,SGFNIGSYY,SSNIGGGNY,RDINVGGYS,SDISVGSYN,RDINVGSYN,RDINVGGYY,SGYNVGGYY,SNDIGRYND"
41,mountain_lion,Feliformia,Felidae,6.0,4,VGSY,Puma_concolor,MDYQATSPYYDIEYELSE,SNDIGRYNY,9,13,"SNDIGRYNY,SGFSVGGYY,SGFRVGDFW,SSNTGGGNY,SSNIGRGNY,RDINVGSYY,SSNIGGGNY,SGYSVGGYH,RDINVGSYN,RDINVGNYN,PANIGAGYC,RDINVGGYY,RDINVGSYS"
42,jaguarundi,Feliformia,Felidae,8.0,6,NIGNKD,Herpailurus_yagouaroundi,TGNQGGNEEPTTNYDYDY,SNDIGRYNY,9,12,"SNDIGRYNY,SGFSVGSYY,SGFRVGDFW,SGFSVGGYY,SSNIGRGNY,RDLNVGSYS,SGFNVGGYY,SGFNIGSYY,SSNIGGGNY,RDINVGSYN,PANIGAGYC,SSNIGGGNA"
43,jaguar,Feliformia,Felidae,5.0,8,SSNIGSNY,Panthera_onca,MDYQATSPYYDIEYELSE,SNDIGRYNY,9,18,"SNDIGRYNY,RDINVGGYN,SGFRVGDFW,SGFSVGGYY,SGFNIGSYY,RNINVGSYN,RDVSVGSKS,SGYNIGGYH,SSNIGRGEY,SSNIGGGNY,SGYNVGGYH,SSNIRGGNY,RDINVGSYN,SGYNVGSYY,RDINVGGYY,RNINVGSYS,SGYNVGGYY,SNDIGRYND"
40,domestic_cat,Feliformia,Felidae,8.0,8,SERTDIYP,Felis_catus,MDYQATSPYYDIEYELSE,RDVSVGSKN,9,16,"RDVSVGSKN,SGFSVGGYY,RDINVGGYN,SNDIGRYSD,SGFNIGSYY,SSNIGRGNY,RDVSVGSKS,ANNNIGTVG,RDINVRSYN,SSNIGGGNY,SGFRVGDFW,SGYNVGGYH,RDINVGGYY,SSNIGGGNA,RDINAGGYY,RDINVGSYS"
45,snow_leopard,Feliformia,Felidae,5.0,8,SSNIGSNY,Panthera_uncia,MDYQATSPYYDIEYELSE,SNDIGRYNY,9,10,"SNDIGRYNY,RNINVGGYN,SGFSVGGYY,SGFRVGDFW,SGFNIGSYY,GDISIGGYY,SSNIGRGEY,RDINVGSYY,SSNIGGGNY,SGYNVGSYY"
46,cheetah,Feliformia,Felidae,6.0,9,SGFSVGSYY,Acinonyx_jubatus,MDYQATSPYYDIEYELSE,SNDIGRYNY,9,11,"SNDIGRYNY,SGFSVGSYY,SGFRVGDFW,SGFNVGGYY,QCLQCWQLL,SSNIGGGNY,RDINVGSYN,PANIGAGYC,RDINVGGYY,SSNIGGGNA,RDINVGSYS"
33,dwarf_mongoose,Feliformia,Herpestidae,4.0,9,RDVNVGSYY,Helogale_parvula,MDYYETTSPFYDIEYELS,TGVVTDAHY,9,24,"TGVVTDAHY,SGYNVGSYY,SGFSVGSYS,SGFNVGSYS,RDISVGSYN,RDTNLGSYT,SNDIGKYNY,STNIGDGYY,RDINVGDYN,STNIGDGYS,STNIGAGNW,SGYNVGSYH,SGFSGGSYY,SNDIGKYNS,STNIGAGTG,RDVNVGSYY,RDISVGNYN,SGFNVGSYY,STNIGVGHW,RDINVGSYY,SGFNVRSYY,RDISVGSHY,NTNIGAGYG,NTNIGDGYW"
35,meerkat,Feliformia,Herpestidae,4.0,9,SGYNVGSYY,Suricata_suricatta,MDYYETTSPFYDIEYELS,RHINVGNYN,9,14,"RHINVGNYN,TGVVTDAHY,SNDIGKYNY,RDINVGSYY,RDINVGDYN,STNIGDGYW,SGYNVGSYY,STNIGDGYS,SGFSVGSYS,RDINVGRYN,STNIGAGNW,STNIGAGTG,RDINVGSYT,TTNIRADYV"
34,small_indian_mongoose,Feliformia,Herpestidae,6.0,9,SGFNVGSYY,Urva_auropunctata,MDYYETTSPFYDLEYELS,STNIGAGNG,9,18,"STNIGAGNG,STNIGGGYY,STNIGAGHW,SGFNVGSYY,SGFRVGDFW,SGYSVGSYS,TGVVTDAHY,RDTNVGSYT,RDINVGSYY,SNDIGKYNY,RDINVGSYT,RDINVGSYG,SGYNVGSYY,STNIGAGTG,STNIGAGNW,RDINVGRYN,SGYNVGSYH,SGYSVGSYY"
31,plains_spotted_skunk,Caniformia,Mephitidae,9.0,9,SGFSVGSYT,Spilogale_interrupta,MNDTTSTPYYDIDYAMSE,SNDIGGYND,9,7,"SNDIGGYND,SGFSVGSYT,YGSVSNAHY,SNDIGGYSY,SGFSVGSYV,STNIGGGNG,RDISVGSYN"
20,eurasian_river_otter,Caniformia,Mustelidae,8.0,8,SNNIGGYD,Lutra_lutra,MNDSTPTPYYDIDYGMSE,PTSMDYDEEEYTYY,14,1,PTSMDYDEEEYTYY
30,domestic_ferret,Caniformia,Mustelidae,13.0,14,PTSIDYDEEEYTYN,Mustela_putorius_furo,MNDPTPTPYYDIDYGMSE,PTSIDYDEEEYTYN,14,1,PTSIDYDEEEYTYN
29,black-footed_ferret,Caniformia,Mustelidae,8.0,8,DNNVGAYY,Mustela_nigripes,MNDPTPTPYYDIDYGMSE,RDINVGGTS,9,10,"RDINVGGTS,SGFSVGSYT,SSNIGNGNY,RDISVGSKY,RDISVSGKN,SGFSVRSYN,SDISVDIYP,YGTVIDKHY,SGSVSTSNY,TGAVTNAHY"
21,northern_american_river_otter,Caniformia,Mustelidae,12.0,9,SGSVSTGHY,Lontra_canadensis,MNDSTPTPYYDIDYGMSE,PTSMDYDEEEYTYY,14,1,PTSMDYDEEEYTYY
27,least_weasel,Caniformia,Mustelidae,7.0,9,SNISVDIYP,Mustela_nivalis,MNDSTPTPYYDIDYGMSE,PTSIDYDEEEYTYD,14,1,PTSIDYDEEEYTYD
28,sable,Caniformia,Mustelidae,17.0,13,PTSIDYDEEEYTY,Martes_zibellina,MNDPTSTPYYDIDYGMSE,PTSIDYDEEEYTY,13,1,PTSIDYDEEEYTY
22,eurasian_badger,Caniformia,Mustelidae,15.0,14,PTSIDYDEEEYTYY,Meles_meles,MNDPTSTPYYDIDYGMSE,PTSIDYDEEEYTYY,14,1,PTSIDYDEEEYTYY
19,northern_sea_otter,Caniformia,Mustelidae,4.0,6,VLSKYY,Enhydra_lutris_kenyoni,MNDPTPTPYYDIDYGMSE,SNDIGRYNY,9,9,"SNDIGRYNY,SSNIGSGIY,SSSIGGGYG,TGTVTNAHY,STNIGGGYA,STNIGDGYT,GDISVDIYP,RDISVSGKN,YGAVSDGQY"
23,stoat,Caniformia,Mustelidae,10.0,14,PTSIDYDEEEYTYY,Mustela_erminea,MNDPTPTPYYDIDYGMSE,PTSIDYDEEEYTYY,14,1,PTSIDYDEEEYTYY
25,european_pine_marten,Caniformia,Mustelidae,17.0,13,PTSIDYDEEEYTY,Martes_martes,MNDPTSTPYYDIDYGMSE,PTSIDYDEEEYTY,13,1,PTSIDYDEEEYTY
26,european_mink,Caniformia,Mustelidae,12.0,14,PTSIDYDEEEYTYD,Mustela_lutreola,MNDPTPTPYYDIDYGMSE,PTSIDYDEEEYTYD,14,1,PTSIDYDEEEYTYD
24,stone_marten,Caniformia,Mustelidae,17.0,13,PTSIDYDEEEYTY,Martes_foina,MNDPTSTPYYDIDYGMSE,PTSIDYDEEEYTY,13,1,PTSIDYDEEEYTY
18,california_sea_lion,Caniformia,Otariidae,20.0,14,PTDTEYYGEEYQYT,Zalophus_californianus,MNYQTSTAYYDIDYGTSE,PTDTEYYGEEYQYT,14,1,PTDTEYYGEEYQYT
17,harbor_seal,Caniformia,Phocidae,10.0,9,RDISVGSYY,Phoca_vitulina,MNYQTSTPYYDIDYGTSE,PTSTDYNGEFTYHY,14,1,PTSTDYNGEFTYHY
15,hawaiian_monk_seal,Caniformia,Phocidae,16.0,14,PTSMDYDREVTYHY,Neomonachus_schauinslandi,MNYQTSTPYYDIDYGTSE,PTSMDYDREVTYHY,14,1,PTSMDYDREVTYHY
14,weddell_seal,Caniformia,Phocidae,13.0,13,PTSTDYDGEEYHY,Leptonychotes_weddellii,MNYQTSTPYYDIDYGTSE,PTSTDYDGEEYHY,13,1,PTSTDYDGEEYHY
13,northern_elephant_seal,Caniformia,Phocidae,8.0,9,RDISVGSYY,Mirounga_angustirostris,MNYQTSTPYYDIDYGISE,PTSTDYDGEFTYHY,14,1,PTSTDYDGEFTYHY
16,spotted_seal,Caniformia,Phocidae,10.0,9,RDISVGSYY,Phoca_largha,MNYQTSTPYYDIDYGTSE,PTSTDYNGEFTYHY,14,1,PTSTDYNGEFTYHY
12,brown_bear,Caniformia,Ursidae,10.0,14,PTNTDYDGEEYQPD,Ursus_arctos,MNYQTSTPYYDIDYGMSE,PTNTDYDGEEYQPD,14,2,"PTNTDYDGEEYQPD,PTNMDYDGEEYQPD"
11,american_black_bear,Caniformia,Ursidae,10.0,14,PTNTDYDGEEYQPD,Ursus_americanus,MNYQTSTPYYDIDYGMSE,PTNMDYDGEEYQPD,14,2,"PTNMDYDGEEYQPD,PTNTDYDGEEYQPD"
10,sloth_bear,Caniformia,Ursidae,10.0,9,RDISVGSYN,Melursus_ursinus,MNYQTSTPYYDIDYGMSE,PTNTDYDGEEYQPD,14,1,PTNTDYDGEEYQPD
9,spectacled_bear,Caniformia,Ursidae,13.0,14,PTDTNYDGEEYQYN,Tremarctos_ornatus,MNYQTSTPYYDIDYGMSE,PTDTNYDGEEYQYN,14,3,"PTDTNYDGEEYQYN,PTNTDYDGEEYQPH,PTNTDYDGEEYQPD"
